{"stats":{"minecraft:killed":{"minecraft:spider":14,"minecraft:skeleton":13,"minecraft:chicken":2,"minecraft:drowned":5,"minecraft:husk":14,"minecraft:pig":9,"minecraft:salmon":1,"minecraft:bat":1,"minecraft:creeper":8,"minecraft:pillager":17,"minecraft:zombie":30,"minecraft:enderman":1,"minecraft:cow":2},"minecraft:broken":{"minecraft:iron_shovel":3,"minecraft:stone_pickaxe":4,"minecraft:iron_pickaxe":6,"minecraft:stone_shovel":1},"minecraft:picked_up":{"minecraft:crafting_table":2,"minecraft:iron_chestplate":4,"minecraft:coarse_dirt":55,"minecraft:wheat":42,"minecraft:suspicious_stew":2,"minecraft:chicken":2,"minecraft:clay_ball":92,"minecraft:leather_leggings":2,"minecraft:stone_slab":4,"minecraft:lead":1,"minecraft:stone_brick_stairs":14,"minecraft:string":12,"minecraft:stone_stairs":18,"minecraft:smooth_stone_slab":4,"minecraft:iron_leggings":2,"minecraft:iron_shovel":29,"minecraft:bucket":4,"minecraft:beef":4,"minecraft:iron_pickaxe":12,"minecraft:sugar_cane":87,"minecraft:iron_boots":3,"minecraft:stick":30,"minecraft:sandstone":406,"minecraft:stone":1511,"minecraft:torch":254,"minecraft:porkchop":17,"minecraft:diorite":262,"minecraft:carrot":1,"minecraft:redstone":36,"minecraft:dark_oak_planks":7,"minecraft:arrow":40,"minecraft:cactus":1,"minecraft:rotten_flesh":94,"minecraft:sandstone_stairs":10,"minecraft:iron_block":5,"minecraft:gold_ingot":8,"minecraft:cobblestone":2279,"minecraft:birch_log":2,"minecraft:leather_chestplate":2,"minecraft:feather":3,"minecraft:andesite":143,"minecraft:salmon":1,"minecraft:cut_sandstone":7,"minecraft:leather":2,"minecraft:dark_oak_boat":5,"minecraft:potato":12,"minecraft:filled_map":3,"minecraft:flint":2,"minecraft:oak_log":22,"minecraft:gunpowder":6,"minecraft:dirt":233,"minecraft:white_banner":1,"minecraft:polished_granite":224,"minecraft:cooked_mutton":1,"minecraft:glass":717,"minecraft:bone":36,"minecraft:apple":1,"minecraft:acacia_planks":1,"minecraft:stone_bricks":7,"minecraft:bow":9,"minecraft:wheat_seeds":151,"minecraft:iron_ingot":29,"minecraft:iron_ore":72,"minecraft:iron_sword":4,"minecraft:oak_planks":17,"minecraft:green_dye":1,"minecraft:book":1,"minecraft:pumpkin":4,"minecraft:dandelion":4,"minecraft:sand":671,"minecraft:ink_sac":4,"minecraft:white_bed":3,"minecraft:leather_helmet":2,"minecraft:dark_oak_log":316,"minecraft:spider_eye":4,"minecraft:clay":46,"minecraft:diamond":2,"minecraft:polished_diorite":33,"minecraft:spruce_boat":2,"minecraft:iron_helmet":6,"minecraft:crossbow":1,"minecraft:granite":191,"minecraft:emerald":3,"minecraft:coal":381},"minecraft:used":{"minecraft:stone_sword":12,"minecraft:iron_shovel":904,"minecraft:stone_shovel":33,"minecraft:chest":1,"minecraft:stone":434,"minecraft:iron_sword":315,"minecraft:cooked_salmon":8,"minecraft:rotten_flesh":65,"minecraft:torch":106,"minecraft:dirt":157,"minecraft:carrot":1,"minecraft:stone_stairs":34,"minecraft:polished_diorite":7,"minecraft:spruce_boat":3,"minecraft:dark_oak_planks":13,"minecraft:glass":416,"minecraft:stone_brick_stairs":9,"minecraft:stone_bricks":26,"minecraft:bow":23,"minecraft:dark_oak_boat":2,"minecraft:potato":1,"minecraft:wheat_seeds":69,"minecraft:cooked_mutton":11,"minecraft:water_bucket":2,"minecraft:diorite":11,"minecraft:sandstone_stairs":24,"minecraft:stone_pickaxe":509,"minecraft:sandstone":125,"minecraft:cut_sandstone":27,"minecraft:sand":74,"minecraft:crafting_table":4,"minecraft:crossbow":2,"minecraft:white_bed":3,"minecraft:wooden_hoe":1,"minecraft:bread":4,"minecraft:suspicious_stew":2,"minecraft:iron_pickaxe":1686,"minecraft:polished_granite":18,"minecraft:stone_axe":58,"minecraft:cobblestone":59,"minecraft:white_banner":1,"minecraft:cooked_porkchop":10,"minecraft:bucket":2,"minecraft:sandstone_slab":7,"minecraft:smooth_stone_slab":12,"minecraft:coarse_dirt":22,"minecraft:experience_bottle":1},"minecraft:crafted":{"minecraft:smooth_stone":10,"minecraft:oak_planks":50,"minecraft:cut_sandstone":32,"minecraft:smooth_stone_slab":12,"minecraft:iron_nugget":45,"minecraft:stone":858,"minecraft:stone_stairs":16,"minecraft:glass":566,"minecraft:iron_boots":1,"minecraft:polished_diorite":36,"minecraft:iron_axe":1,"minecraft:stone_pickaxe":3,"minecraft:chest":1,"minecraft:spruce_boat":1,"minecraft:redstone_block":19,"minecraft:dark_oak_planks":36,"minecraft:stone_bricks":52,"minecraft:arrow":12,"minecraft:cooked_porkchop":10,"minecraft:crafting_table":2,"minecraft:spruce_planks":16,"minecraft:iron_helmet":1,"minecraft:iron_sword":4,"minecraft:polished_granite":104,"minecraft:sandstone_slab":18,"minecraft:bucket":1,"minecraft:air":0,"minecraft:stone_brick_stairs":12,"minecraft:iron_chestplate":1,"minecraft:stick":104,"minecraft:iron_ingot":109,"minecraft:iron_pickaxe":8,"minecraft:iron_block":4,"minecraft:iron_shovel":6,"minecraft:iron_leggings":1,"minecraft:gold_ingot":1,"minecraft:sandstone":2,"minecraft:torch":228,"minecraft:sandstone_stairs":20,"minecraft:clay":23,"minecraft:polished_andesite":64},"minecraft:custom":{"minecraft:mob_kills":125,"minecraft:interact_with_crafting_table":76,"minecraft:leave_game":11,"minecraft:time_since_death":90860,"minecraft:climb_one_cm":207,"minecraft:sprint_one_cm":904331,"minecraft:walk_one_cm":1946130,"minecraft:drop":59,"minecraft:talked_to_villager":1,"minecraft:deaths":16,"minecraft:sneak_time":31187,"minecraft:walk_under_water_one_cm":154020,"minecraft:boat_one_cm":461898,"minecraft:jump":4137,"minecraft:interact_with_blast_furnace":7,"minecraft:walk_on_water_one_cm":113002,"minecraft:interact_with_furnace":109,"minecraft:play_one_minute":506437,"minecraft:sleep_in_bed":12,"minecraft:time_since_rest":16489,"minecraft:damage_taken":9324,"minecraft:damage_dealt":22867,"minecraft:swim_one_cm":1178,"minecraft:fly_one_cm":259424,"minecraft:open_chest":146,"minecraft:crouch_one_cm":89298,"minecraft:fall_one_cm":99358},"minecraft:killed_by":{"minecraft:husk":1,"minecraft:creeper":1,"minecraft:spider":1,"minecraft:pillager":1,"minecraft:skeleton":5,"minecraft:witch":1},"minecraft:mined":{"minecraft:dark_oak_planks":6,"minecraft:white_bed":3,"minecraft:dark_oak_leaves":1,"minecraft:jungle_slab":1,"minecraft:granite":142,"minecraft:grass_block":29,"minecraft:polished_diorite":2,"minecraft:kelp":3,"minecraft:sandstone":113,"minecraft:sandstone_stairs":10,"minecraft:redstone_ore":2,"minecraft:iron_ore":50,"minecraft:andesite":90,"minecraft:pumpkin":2,"minecraft:stone":1269,"minecraft:spruce_slab":1,"minecraft:cut_sandstone":1,"minecraft:kelp_plant":3,"minecraft:dandelion":2,"minecraft:polished_granite":3,"minecraft:clay":23,"minecraft:crafting_table":2,"minecraft:torch":8,"minecraft:glass":6,"minecraft:cobblestone":3,"minecraft:sugar_cane":22,"minecraft:diorite":195,"minecraft:wall_torch":10,"minecraft:seagrass":3,"minecraft:stone_stairs":18,"minecraft:cactus":1,"minecraft:coarse_dirt":48,"minecraft:wheat":13,"minecraft:birch_leaves":1,"minecraft:stone_brick_stairs":6,"minecraft:smooth_stone_slab":4,"minecraft:grass":51,"minecraft:oak_log":5,"minecraft:coal_ore":215,"minecraft:gravel":2,"minecraft:sand":615,"minecraft:dirt":181,"minecraft:stone_bricks":7,"minecraft:oak_leaves":2},"minecraft:dropped":{"minecraft:iron_ingot":3,"minecraft:book":1,"minecraft:leather_helmet":1,"minecraft:flint":2,"minecraft:emerald":1,"minecraft:dirt":37,"minecraft:wooden_hoe":1,"minecraft:torch":3,"minecraft:iron_leggings":2,"minecraft:sand":25,"minecraft:iron_pickaxe":1,"minecraft:iron_shovel":1,"minecraft:paper":17,"minecraft:string":2,"minecraft:dandelion":1,"minecraft:bone":3,"minecraft:sugar_cane":11,"minecraft:iron_nugget":7,"minecraft:rotten_flesh":3,"minecraft:cooked_mutton":1,"minecraft:filled_map":5,"minecraft:stone":160,"minecraft:iron_chestplate":1,"minecraft:andesite":62,"minecraft:wooden_pickaxe":1,"minecraft:stone_pickaxe":1,"minecraft:bow":1}},"DataVersion":2230}