{"stats":{"minecraft:killed_by":{"minecraft:pillager":2,"minecraft:skeleton":3},"minecraft:dropped":{"minecraft:dark_oak_stairs":2,"minecraft:oak_log":26,"minecraft:diamond":2,"minecraft:dark_oak_sapling":9,"minecraft:sandstone_stairs":9,"minecraft:dark_oak_slab":33,"minecraft:sandstone_slab":14,"minecraft:dark_oak_button":2,"minecraft:flint":2,"minecraft:emerald":3,"minecraft:dirt":319,"minecraft:dark_oak_log":277,"minecraft:sand":10,"minecraft:iron_pickaxe":2,"minecraft:dark_oak_planks":9,"minecraft:dark_oak_boat":1,"minecraft:white_wool":1,"minecraft:gold_ingot":9,"minecraft:wheat":16,"minecraft:stripped_dark_oak_log":2,"minecraft:oak_planks":29,"minecraft:leather_chestplate":1,"minecraft:gunpowder":7,"minecraft:leather_leggings":1,"minecraft:arrow":2,"minecraft:glass":305,"minecraft:water_bucket":1,"minecraft:bread":9,"minecraft:iron_ingot":12,"minecraft:oak_slab":12,"minecraft:wheat_seeds":16,"minecraft:iron_helmet":3,"minecraft:feather":6,"minecraft:cobblestone":64,"minecraft:book":6,"minecraft:apple":1,"minecraft:granite":13,"minecraft:acacia_log":56,"minecraft:coal_block":43,"minecraft:torch":1,"minecraft:green_dye":1,"minecraft:map":2,"minecraft:iron_leggings":1,"minecraft:oak_stairs":1,"minecraft:white_banner":2,"minecraft:iron_axe":1,"minecraft:iron_shovel":2,"minecraft:bucket":1,"minecraft:acacia_planks":12,"minecraft:redstone":5,"minecraft:polished_diorite":24,"minecraft:furnace":1,"minecraft:kelp":7,"minecraft:suspicious_stew":2,"minecraft:filled_map":12,"minecraft:potato":11,"minecraft:spruce_boat":4,"minecraft:spruce_planks":13,"minecraft:iron_chestplate":1,"minecraft:andesite":8,"minecraft:spruce_log":107,"minecraft:sandstone":115,"minecraft:bow":1,"minecraft:wooden_pickaxe":1},"minecraft:mined":{"minecraft:dark_oak_planks":61,"minecraft:white_bed":4,"minecraft:spruce_planks":3,"minecraft:oak_sapling":4,"minecraft:granite":319,"minecraft:acacia_log":72,"minecraft:grass_block":838,"minecraft:polished_diorite":5,"minecraft:tube_coral_block":1,"minecraft:sandstone_stairs":26,"minecraft:spawner":1,"minecraft:iron_ore":300,"minecraft:pumpkin":5,"minecraft:stripped_dark_oak_wood":2,"minecraft:azure_bluet":9,"minecraft:dark_oak_stairs":44,"minecraft:brain_coral_block":1,"minecraft:sandstone_slab":19,"minecraft:cut_sandstone":37,"minecraft:brown_mushroom":14,"minecraft:kelp_plant":8,"minecraft:torch":49,"minecraft:blast_furnace":1,"minecraft:poppy":11,"minecraft:chest":9,"minecraft:dead_bush":9,"minecraft:mushroom_stem":9,"minecraft:glass":23,"minecraft:cobblestone":119,"minecraft:sugar_cane":34,"minecraft:oak_planks":40,"minecraft:wall_torch":61,"minecraft:stone_stairs":2,"minecraft:dark_oak_slab":35,"minecraft:wheat":6,"minecraft:stone_brick_stairs":25,"minecraft:smooth_stone_slab":8,"minecraft:grass":520,"minecraft:oak_log":228,"minecraft:acacia_fence":19,"minecraft:sand":1720,"minecraft:dirt":964,"minecraft:red_mushroom_block":45,"minecraft:piston":1,"minecraft:oak_leaves":351,"minecraft:dark_oak_leaves":44,"minecraft:dark_oak_log":461,"minecraft:redstone_wire":1,"minecraft:brown_mushroom_block":45,"minecraft:spruce_leaves":27,"minecraft:kelp":5,"minecraft:red_mushroom":17,"minecraft:sandstone":176,"minecraft:hay_block":1,"minecraft:redstone_ore":143,"minecraft:furnace":9,"minecraft:acacia_stairs":1,"minecraft:andesite":305,"minecraft:stripped_spruce_log":2,"minecraft:lantern":2,"minecraft:stripped_oak_log":8,"minecraft:stone":4724,"minecraft:oak_slab":16,"minecraft:acacia_leaves":82,"minecraft:stripped_dark_oak_log":15,"minecraft:dandelion":3,"minecraft:polished_granite":3,"minecraft:oak_fence":3,"minecraft:crafting_table":13,"minecraft:emerald_ore":5,"minecraft:stone_slab":16,"minecraft:lapis_ore":21,"minecraft:diorite":228,"minecraft:cactus":9,"minecraft:coarse_dirt":61,"minecraft:spruce_log":124,"minecraft:birch_leaves":3,"minecraft:white_wall_banner":2,"minecraft:grass_path":19,"minecraft:coal_ore":685,"minecraft:gravel":140,"minecraft:acacia_planks":15,"minecraft:stone_bricks":24,"minecraft:gold_ore":32,"minecraft:infested_stone":2},"minecraft:crafted":{"minecraft:smooth_stone":3,"minecraft:oak_planks":340,"minecraft:cut_sandstone":104,"minecraft:dark_oak_boat":2,"minecraft:stone":1280,"minecraft:lever":1,"minecraft:cooked_mutton":17,"minecraft:glass":275,"minecraft:iron_boots":2,"minecraft:stripped_dark_oak_wood":3,"minecraft:chest":17,"minecraft:acacia_fence":33,"minecraft:stone_hoe":1,"minecraft:stone_bricks":184,"minecraft:oak_fence":33,"minecraft:oak_slab":66,"minecraft:emerald":2,"minecraft:cooked_porkchop":9,"minecraft:map":2,"minecraft:crafting_table":10,"minecraft:spruce_planks":64,"minecraft:iron_helmet":3,"minecraft:wooden_pickaxe":1,"minecraft:baked_potato":3,"minecraft:gold_block":3,"minecraft:birch_planks":16,"minecraft:stone_brick_stairs":36,"minecraft:dark_oak_slab":108,"minecraft:iron_chestplate":3,"minecraft:wooden_hoe":1,"minecraft:paper":30,"minecraft:stick":276,"minecraft:stone_slab":48,"minecraft:iron_ingot":191,"minecraft:compass":2,"minecraft:iron_pickaxe":17,"minecraft:iron_block":7,"minecraft:stone_sword":2,"minecraft:gold_ingot":32,"minecraft:sandstone":160,"minecraft:shears":2,"minecraft:oak_door":6,"minecraft:coal":261,"minecraft:redstone":45,"minecraft:stone_shovel":6,"minecraft:iron_nugget":54,"minecraft:furnace":37,"minecraft:blast_furnace":1,"minecraft:piston":1,"minecraft:mushroom_stew":12,"minecraft:bone_meal":80,"minecraft:stone_stairs":4,"minecraft:flint_and_steel":1,"minecraft:lantern":6,"minecraft:polished_diorite":92,"minecraft:iron_axe":5,"minecraft:stone_pickaxe":25,"minecraft:filled_map":4,"minecraft:spruce_boat":2,"minecraft:redstone_block":51,"minecraft:dark_oak_planks":316,"minecraft:wheat":9,"minecraft:cooked_beef":5,"minecraft:coal_block":46,"minecraft:dark_oak_stairs":56,"minecraft:iron_sword":1,"minecraft:bowl":4,"minecraft:polished_granite":64,"minecraft:bucket":2,"minecraft:dark_oak_button":1,"minecraft:acacia_stairs":12,"minecraft:stone_axe":5,"minecraft:bread":36,"minecraft:air":0,"minecraft:oak_boat":2,"minecraft:oak_stairs":4,"minecraft:iron_shovel":11,"minecraft:iron_leggings":3,"minecraft:white_bed":4,"minecraft:acacia_planks":136,"minecraft:torch":496,"minecraft:lapis_block":10},"minecraft:broken":{"minecraft:iron_shovel":9,"minecraft:stone_pickaxe":20,"minecraft:stone_axe":2,"minecraft:iron_sword":2,"minecraft:stone_shovel":5,"minecraft:iron_axe":3,"minecraft:iron_pickaxe":16},"minecraft:picked_up":{"minecraft:iron_chestplate":11,"minecraft:wheat":158,"minecraft:suspicious_stew":3,"minecraft:stone_slab":24,"minecraft:oak_stairs":2,"minecraft:stone_brick_stairs":37,"minecraft:string":34,"minecraft:dead_tube_coral_block":3,"minecraft:smooth_stone_slab":8,"minecraft:iron_leggings":12,"minecraft:experience_bottle":1,"minecraft:sea_pickle":3,"minecraft:bucket":12,"minecraft:spruce_planks":16,"minecraft:iron_pickaxe":14,"minecraft:coal_block":43,"minecraft:furnace":10,"minecraft:iron_boots":12,"minecraft:stick":175,"minecraft:acacia_fence":32,"minecraft:oak_fence":17,"minecraft:torch":393,"minecraft:acacia_log":410,"minecraft:porkchop":8,"minecraft:diorite":274,"minecraft:stone_sword":9,"minecraft:cactus":31,"minecraft:rotten_flesh":90,"minecraft:tropical_fish":1,"minecraft:cobblestone":5554,"minecraft:birch_log":2,"minecraft:leather_chestplate":1,"minecraft:cooked_beef":3,"minecraft:feather":6,"minecraft:water_bucket":3,"minecraft:andesite":414,"minecraft:dark_oak_boat":1,"minecraft:potato":15,"minecraft:flint":14,"minecraft:lantern":7,"minecraft:map":2,"minecraft:lapis_lazuli":156,"minecraft:dirt":2132,"minecraft:polished_granite":106,"minecraft:glass":684,"minecraft:bone":78,"minecraft:acacia_planks":52,"minecraft:bow":7,"minecraft:wheat_seeds":658,"minecraft:stone_hoe":7,"minecraft:oak_planks":129,"minecraft:cooked_porkchop":4,"minecraft:sand":1931,"minecraft:stripped_spruce_log":2,"minecraft:ink_sac":2,"minecraft:dead_bush":7,"minecraft:grass_block":1,"minecraft:acacia_stairs":1,"minecraft:dark_oak_log":1597,"minecraft:clay":23,"minecraft:spruce_boat":4,"minecraft:dead_brain_coral_block":1,"minecraft:granite":332,"minecraft:bone_meal":16,"minecraft:emerald":9,"minecraft:bread":9,"minecraft:oak_sapling":102,"minecraft:oak_leaves":162,"minecraft:coarse_dirt":55,"minecraft:crafting_table":18,"minecraft:sandstone_slab":55,"minecraft:azure_bluet":9,"minecraft:leather_leggings":1,"minecraft:brown_mushroom":41,"minecraft:wooden_pickaxe":1,"minecraft:stone_stairs":12,"minecraft:iron_axe":7,"minecraft:iron_shovel":5,"minecraft:beef":15,"minecraft:iron_nugget":12,"minecraft:poppy":25,"minecraft:light_gray_wool":1,"minecraft:chest":8,"minecraft:sugar_cane":172,"minecraft:piston":1,"minecraft:egg":9,"minecraft:dark_oak_sapling":27,"minecraft:sandstone":200,"minecraft:stone":388,"minecraft:oak_door":1,"minecraft:bowl":10,"minecraft:carrot":3,"minecraft:redstone":870,"minecraft:dark_oak_planks":326,"minecraft:arrow":86,"minecraft:stone_shovel":4,"minecraft:shears":5,"minecraft:hay_block":1,"minecraft:sandstone_stairs":59,"minecraft:stripped_dark_oak_wood":2,"minecraft:gold_ingot":1,"minecraft:mutton":19,"minecraft:white_wool":32,"minecraft:stripped_oak_log":8,"minecraft:dark_oak_button":1,"minecraft:salmon":1,"minecraft:cut_sandstone":60,"minecraft:leather":11,"minecraft:red_mushroom":67,"minecraft:filled_map":11,"minecraft:oak_log":435,"minecraft:gunpowder":17,"minecraft:wooden_hoe":1,"minecraft:paper":17,"minecraft:white_banner":7,"minecraft:cooked_mutton":6,"minecraft:stone_bricks":132,"minecraft:apple":11,"minecraft:kelp":12,"minecraft:rabbit_hide":2,"minecraft:iron_ingot":76,"minecraft:stone_pickaxe":10,"minecraft:iron_ore":410,"minecraft:iron_sword":5,"minecraft:acacia_sapling":10,"minecraft:dark_oak_stairs":56,"minecraft:green_dye":1,"minecraft:book":12,"minecraft:oak_slab":73,"minecraft:dark_oak_slab":174,"minecraft:pumpkin":6,"minecraft:dandelion":6,"minecraft:gravel":198,"minecraft:spruce_sapling":19,"minecraft:blast_furnace":1,"minecraft:white_bed":4,"minecraft:spruce_log":227,"minecraft:gold_ore":32,"minecraft:spider_eye":11,"minecraft:leather_helmet":1,"minecraft:polished_diorite":229,"minecraft:stone_axe":4,"minecraft:iron_helmet":12,"minecraft:stripped_dark_oak_log":24,"minecraft:coal":1347,"minecraft:ender_pearl":2},"minecraft:used":{"minecraft:iron_shovel":2392,"minecraft:poppy":11,"minecraft:chest":25,"minecraft:iron_sword":296,"minecraft:stone":329,"minecraft:rotten_flesh":53,"minecraft:mutton":2,"minecraft:carrot":9,"minecraft:acacia_sapling":10,"minecraft:spruce_boat":2,"minecraft:glass":149,"minecraft:lava_bucket":142,"minecraft:stripped_dark_oak_wood":2,"minecraft:grass_block":1,"minecraft:lantern":11,"minecraft:dark_oak_slab":105,"minecraft:stone_brick_stairs":60,"minecraft:stone_bricks":116,"minecraft:bow":5,"minecraft:dark_oak_boat":2,"minecraft:oak_sapling":77,"minecraft:furnace":44,"minecraft:cooked_cod":2,"minecraft:acacia_fence":35,"minecraft:egg":3,"minecraft:potato":2,"minecraft:dark_oak_stairs":94,"minecraft:diorite":59,"minecraft:stone_pickaxe":2992,"minecraft:oak_planks":127,"minecraft:cactus":25,"minecraft:wooden_pickaxe":53,"minecraft:sandstone":60,"minecraft:sugar_cane":61,"minecraft:oak_leaves":81,"minecraft:sand":377,"minecraft:mushroom_stew":12,"minecraft:blast_furnace":2,"minecraft:shears":92,"minecraft:lever":1,"minecraft:dark_oak_log":78,"minecraft:bread":12,"minecraft:polished_granite":25,"minecraft:gravel":56,"minecraft:andesite":17,"minecraft:oak_boat":2,"minecraft:tropical_fish_bucket":3,"minecraft:coarse_dirt":40,"minecraft:bone_meal":33,"minecraft:oak_fence":29,"minecraft:stone_sword":156,"minecraft:dead_bush":7,"minecraft:flint_and_steel":19,"minecraft:stone_shovel":765,"minecraft:redstone":16,"minecraft:spruce_planks":2,"minecraft:stone_hoe":63,"minecraft:oak_door":5,"minecraft:torch":669,"minecraft:dirt":1608,"minecraft:stone_stairs":4,"minecraft:dead_brain_coral_block":1,"minecraft:granite":21,"minecraft:polished_diorite":9,"minecraft:dark_oak_planks":108,"minecraft:iron_axe":936,"minecraft:oak_stairs":3,"minecraft:beef":8,"minecraft:cooked_beef":7,"minecraft:acacia_planks":64,"minecraft:enchanted_golden_apple":1,"minecraft:wheat_seeds":238,"minecraft:cooked_mutton":8,"minecraft:water_bucket":611,"minecraft:sandstone_stairs":17,"minecraft:baked_potato":3,"minecraft:cut_sandstone":140,"minecraft:brown_mushroom":14,"minecraft:salmon":1,"minecraft:stripped_dark_oak_log":4,"minecraft:oak_slab":47,"minecraft:crafting_table":22,"minecraft:red_mushroom":24,"minecraft:white_bed":8,"minecraft:spruce_log":2,"minecraft:oak_log":135,"minecraft:piston":2,"minecraft:wooden_hoe":13,"minecraft:acacia_stairs":13,"minecraft:apple":6,"minecraft:iron_pickaxe":4240,"minecraft:suspicious_stew":1,"minecraft:stone_slab":54,"minecraft:stone_axe":341,"minecraft:cobblestone":319,"minecraft:porkchop":3,"minecraft:white_banner":3,"minecraft:cooked_porkchop":12,"minecraft:bucket":757,"minecraft:sandstone_slab":18,"minecraft:stripped_oak_log":5},"minecraft:custom":{"minecraft:interact_with_crafting_table":274,"minecraft:bell_ring":1,"minecraft:leave_game":22,"minecraft:time_since_death":0,"minecraft:sprint_one_cm":1266734,"minecraft:drop":137,"minecraft:talked_to_villager":19,"minecraft:deaths":22,"minecraft:jump":10847,"minecraft:walk_on_water_one_cm":401118,"minecraft:interact_with_furnace":328,"minecraft:traded_with_villager":2,"minecraft:play_one_minute":1224493,"minecraft:sleep_in_bed":19,"minecraft:damage_dealt":24563,"minecraft:crouch_one_cm":355707,"minecraft:interact_with_smoker":1,"minecraft:horse_one_cm":4946,"minecraft:mob_kills":152,"minecraft:climb_one_cm":299,"minecraft:walk_one_cm":4956697,"minecraft:sneak_time":123079,"minecraft:walk_under_water_one_cm":315277,"minecraft:boat_one_cm":776321,"minecraft:interact_with_blast_furnace":9,"minecraft:time_since_rest":41,"minecraft:damage_taken":13692,"minecraft:swim_one_cm":4634,"minecraft:fly_one_cm":329384,"minecraft:open_chest":452,"minecraft:fall_one_cm":168437},"minecraft:killed":{"minecraft:spider":19,"minecraft:skeleton":36,"minecraft:silverfish":1,"minecraft:pig":2,"minecraft:creeper":5,"minecraft:sheep":13,"minecraft:pillager":1,"minecraft:zombie":28,"minecraft:cow":5,"minecraft:slime":1,"minecraft:drowned":3,"minecraft:husk":23,"minecraft:rabbit":1,"minecraft:enderman":2}},"DataVersion":2230}